pathimage,site,totarea,sk,bp,ep,datelabeled,tray,pos,organ,ptype,num,i.pred,r.pred,pred
../data/field_madrid_harvesting/2016_318/P1080669.JPG,madrid,53510,8942,356,52,Rocio,137,c8,i,i,1,0.818,0.182,r
../data/field_madrid_harvesting/2016_321/P1080752.JPG,madrid,94014,12429,501,65,Rocio,121,a4,i,i,1,0.816,0.184,r
../data/field_madrid_harvesting/2016_330/P1080851.JPG,madrid,92964,9912,333,65,Rocio,47,a7,i,p,2,0.802,0.198,r
../data/field_madrid_harvesting/2016_330/P1080875.JPG,madrid,26068,3381,134,19,Rocio,147,d4,i,i,1,0.814,0.186,r
../data/field_madrid_harvesting/2016_404/P1080978.JPG,madrid,520514,82817,5913,630,Rocio,178,a4,r,p,22,0.196,0.804,i
../data/field_madrid_harvesting/2016_408/P1090166.JPG,madrid,21118,3260,153,20,Rocio,154,d1,r,i,1,0.154,0.846,i
../data/field_madrid_harvesting/2016_408/P1090181.JPG,madrid,82447,16408,298,71,Rocio,152,c8,i,i,1,0.812,0.188,r
../data/field_madrid_harvesting/2016_408/P1090218.JPG,madrid,146296,24680,789,131,Rocio,84,e4,i,i,1,0.814,0.186,r
../data/field_madrid_harvesting/2016_411/P1090305.JPG,madrid,202842,31762,1133,153,Rocio,103,c4,i,i,1,0.81,0.19,r
../data/field_madrid_harvesting/2016_411/P1090327.JPG,madrid,152568,28115,1241,173,Rocio,74,d5,i,i,1,0.804,0.196,r
../data/field_madrid_harvesting/2016_411/P1090355.JPG,madrid,132092,21810,785,102,Rocio,91,d5,i,i,1,0.81,0.19,r
../data/field_madrid_harvesting/2016_411/P1090359.JPG,madrid,85467,15327,625,64,Rocio,78,d4,i,i,1,0.808,0.192,r
../data/field_madrid_harvesting/2016_414/P1090891.JPG,madrid,169081,15204,494,79,Rocio,155,c1,i,i,1,0.808,0.192,r
../data/field_madrid_harvesting/2016_415/P1100075.JPG,madrid,24936,2841,102,16,Rocio,130,c3,i,i,1,0.818,0.182,r
../data/field_madrid_harvesting/2016_415/P1100128.JPG,madrid,492650,66555,3221,520,Rocio,215,b6,r,p,29,0.192,0.808,i
../data/field_madrid_harvesting/2016_418/P1100184.JPG,madrid,61877,9917,130,29,Rocio,155,d8,i,i,1,0.814,0.186,r
../data/field_madrid_harvesting/2016_418/P1100186.JPG,madrid,68117,11909,206,37,Rocio,108,a6,i,i,1,0.814,0.186,r
../data/field_madrid_harvesting/2016_418/P1100187.JPG,madrid,75314,8294,231,69,Rocio,108,a6,r,i,1,0.188,0.812,i
../data/field_madrid_harvesting/2016_418/P1100190.JPG,madrid,212177,31049,659,155,Rocio,107,b5,i,i,1,0.81,0.19,r
../data/field_madrid_harvesting/2016_418/P1100192.JPG,madrid,129245,21748,519,84,Rocio,107,c1,i,i,1,0.808,0.192,r
../data/field_madrid_harvesting/2016_418/P1100194.JPG,madrid,161866,25666,622,107,Rocio,107,c5,i,i,1,0.814,0.186,r
../data/field_madrid_harvesting/2016_418/P1100209.JPG,madrid,59299,7371,201,55,Rocio,102,d1,r,i,1,0.172,0.828,i
../data/field_madrid_harvesting/2016_420/P1100783.JPG,madrid,508007,57814,1604,437,Rocio,205,c1,i,p,2,0.822,0.178,r
../data/field_madrid_harvesting/2016_422/P1110151.JPG,madrid,25271,2947,34,27,Rocio,102,b2,r,i,1,0.198,0.802,i
../data/field_madrid_harvesting/2016_425/P1110305.JPG,madrid,81138,12928,512,65,Rocio,258,b2,r,i,1,0.194,0.806,i
../data/field_madrid_harvesting/2016_426/P1110609.JPG,madrid,682151,72796,5289,583,Rocio,184,a3,r,p,7,0.186,0.814,i
../data/field_madrid_harvesting/2016_427/P1110931.JPG,madrid,70925,12068,143,31,Rocio,70,b2,i,p,8,0.804,0.196,r
../data/field_madrid_harvesting/2016_427/P1110975.JPG,madrid,79534,15412,490,75,Rocio,27,b5,i,p,3,0.802,0.198,r
../data/field_madrid_harvesting/2016_427/P1110985.JPG,madrid,58064,8958,194,51,Rocio,26,c6,i,p,2,0.806,0.194,r
../data/field_madrid_harvesting/2016_427/P1110987.JPG,madrid,113594,14996,299,51,Rocio,25,a2,i,p,4,0.808,0.192,r
../data/field_madrid_harvesting/2016_427/P1120017.JPG,madrid,66131,10712,437,49,Rocio,22,d6,r,p,3,0.178,0.822,i
../data/field_madrid_harvesting/2016_427/P1120065.JPG,madrid,42234,6505,293,45,Rocio,51,a2,r,p,7,0.192,0.808,i
../data/field_madrid_harvesting/2016_428/P1120168.JPG,madrid,259730,22001,600,172,Rocio,86,e6,i,i,1,0.814,0.186,r
../data/field_madrid_harvesting/2016_428/P1120241.JPG,madrid,117591,15368,422,64,Rocio,89,b2,r,i,1,0.192,0.808,i
../data/field_madrid_harvesting/2016_428/P1120243.JPG,madrid,98064,9969,334,76,Rocio,89,c1,r,i,1,0.192,0.808,i
../data/field_madrid_harvesting/2016_428/P1120273.JPG,madrid,103276,9550,414,61,Rocio,77,d7,r,i,1,0.176,0.824,i
../data/field_madrid_harvesting/2016_428/P1120276.JPG,madrid,20985,2667,40,16,Rocio,91,b6,i,i,1,0.808,0.192,r
../data/field_madrid_harvesting/2016_428/P1120282.JPG,madrid,54032,7155,204,49,Rocio,92,b1,i,i,1,0.808,0.192,r
../data/field_madrid_harvesting/2016_428/P1120289.JPG,madrid,70971,6427,196,63,Rocio,79,a6,r,i,1,0.192,0.808,i
../data/field_madrid_harvesting/2016_428/P1120343.JPG,madrid,107462,14472,340,91,Rocio,94,b1,i,i,1,0.806,0.194,r
../data/field_madrid_harvesting/2016_428/P1120380.JPG,madrid,40308,3420,145,24,Rocio,95,c8,r,i,1,0.184,0.816,i
../data/field_madrid_harvesting/2016_428/P1120404.JPG,madrid,63902,9216,276,38,Rocio,96,b6,r,i,1,0.184,0.816,i
../data/field_madrid_harvesting/2016_428/P1120435.JPG,madrid,115598,14394,102,46,Rocio,83,d1,i,i,1,0.812,0.188,r
../data/field_madrid_harvesting/2016_429/P1120510.JPG,madrid,43175,3472,101,30,Rocio,125,c3,i,i,1,0.808,0.192,r
../data/field_madrid_harvesting/2016_429/P1120538.JPG,madrid,142671,14476,487,110,Rocio,126,e5,i,i,1,0.808,0.192,r
../data/field_madrid_harvesting/2016_429/P1120548.JPG,madrid,171507,19217,426,141,Rocio,127,a2,i,i,1,0.826,0.174,r
../data/field_madrid_harvesting/2016_429/P1120721.JPG,madrid,245695,28142,788,167,Rocio,137,c1,i,i,1,0.806,0.194,r
../data/field_madrid_harvesting/2016_429/P1120744.JPG,madrid,48260,3409,83,34,Rocio,158,a7,r,i,1,0.196,0.804,i
../data/field_madrid_harvesting/2016_429/P1120815.JPG,madrid,50884,7394,103,44,Rocio,154,c3,r,i,1,0.172,0.828,i
../data/field_madrid_harvesting/2016_429/P1120823.JPG,madrid,78879,12295,237,46,Rocio,153,b1,r,i,1,0.194,0.806,i
../data/field_madrid_harvesting/2016_429/P1120830.JPG,madrid,228379,31698,976,156,Rocio,153,b8,i,i,1,0.814,0.186,r
../data/field_madrid_harvesting/2016_429/P1120835.JPG,madrid,42005,7210,74,34,Rocio,153,c4,r,i,1,0.178,0.822,i
../data/field_madrid_harvesting/2016_429/P1120879.JPG,madrid,198417,25286,795,76,Rocio,151,d7,r,i,1,0.172,0.828,i
../data/field_madrid_harvesting/2016_503/P1120942.JPG,madrid,219757,25412,403,157,Rocio,108,a5,i,i,1,0.816,0.184,r
../data/field_madrid_harvesting/2016_503/P1120943.JPG,madrid,102591,8434,319,65,Rocio,108,a7,r,i,1,0.192,0.808,i
../data/field_madrid_harvesting/2016_503/P1120965.JPG,madrid,42746,4289,62,40,Rocio,120,e6,r,i,1,0.194,0.806,i
../data/field_madrid_harvesting/2016_503/P1120998.JPG,madrid,63500,7556,199,46,Rocio,106,b1,i,i,1,0.806,0.194,r
../data/field_madrid_harvesting/2016_503/P1130048.JPG,madrid,197571,26026,425,83,Rocio,105,e7,i,i,1,0.802,0.198,r
../data/field_madrid_harvesting/2016_503/P1130052.JPG,madrid,161338,19881,345,48,Rocio,117,b7,i,i,1,0.82,0.18,r
../data/field_madrid_harvesting/2016_503/P1130071.JPG,madrid,228074,31844,936,139,Rocio,104,a3,i,i,1,0.806,0.194,r
../data/field_madrid_harvesting/2016_503/P1130079.JPG,madrid,139770,19296,361,53,Rocio,104,c5,i,i,1,0.814,0.186,r
../data/field_madrid_harvesting/2016_503/P1130089.JPG,madrid,201142,25392,372,93,Rocio,104,d5,i,i,1,0.826,0.174,r
../data/field_madrid_harvesting/2016_503/P1130095.JPG,madrid,97104,13438,361,34,Rocio,116,b4,r,i,1,0.182,0.818,i
../data/field_madrid_harvesting/2016_503/P1130099.JPG,madrid,34907,5074,31,19,Rocio,116,b8,r,i,1,0.192,0.808,i
../data/field_madrid_harvesting/2016_503/P1130130.JPG,madrid,170191,22995,590,104,Rocio,103,b3,i,i,1,0.804,0.196,r
../data/field_madrid_harvesting/2016_503/P1130140.JPG,madrid,87241,11672,401,98,Rocio,103,c1,i,i,1,0.808,0.192,r
../data/field_madrid_harvesting/2016_503/P1130144.JPG,madrid,166382,23209,611,129,Rocio,103,c6,i,i,1,0.81,0.19,r
../data/field_madrid_harvesting/2016_503/P1130154.JPG,madrid,87627,12946,313,41,Rocio,103,e3,i,i,1,0.802,0.198,r
../data/field_madrid_harvesting/2016_503/P1130218.JPG,madrid,179315,25871,540,90,Rocio,101,d1,i,i,1,0.822,0.178,r
../data/field_madrid_harvesting/2016_503/P1130246.JPG,madrid,147444,22110,437,68,Rocio,100,c8,i,i,1,0.816,0.184,r
../data/field_madrid_harvesting/2016_503/P1130253.JPG,madrid,178159,26421,552,89,Rocio,112,b1,i,i,1,0.814,0.186,r
../data/field_madrid_harvesting/2016_504/P1130310.JPG,madrid,303571,48952,2697,300,Rocio,339,e7,i,i,1,0.81,0.19,r
../data/field_madrid_harvesting/2016_504/P1130519.JPG,madrid,348697,53363,2605,330,Rocio,248,d7,i,i,1,0.816,0.184,r
../data/field_madrid_harvesting/2016_505/P1130868.JPG,madrid,34758,3792,130,30,Rocio,247,d7,r,i,1,0.194,0.806,i
../data/field_madrid_harvesting/2016_505/P1130993.JPG,madrid,402184,50031,1510,326,Rocio,334,e2,i,i,1,0.804,0.196,r
../data/field_madrid_harvesting/2016_506/P1140252.JPG,madrid,912675,83380,4623,885,Rocio,202,b1,r,p,25,0.184,0.816,i
../data/field_madrid_harvesting/2016_509/P1140562.JPG,madrid,810197,76887,5383,698,Rocio,315,c6,i,i,1,0.81,0.19,r
../data/field_madrid_harvesting/2016_510/P1140888.JPG,madrid,220209,32688,928,152,Rocio,255,a2,i,i,1,0.802,0.198,r
../data/field_madrid_harvesting/2016_510/P1150119.JPG,madrid,595055,63974,3963,444,Rocio,220,d8,i,p,8,0.816,0.184,r
../data/field_madrid_harvesting/2016_510/P1150335.JPG,madrid,879115,82315,4817,702,Rocio,229,e6,i,p,10,0.81,0.19,r
../data/field_madrid_harvesting/2016_513/P1160219.JPG,madrid,364881,44372,3684,192,Rocio,264,b8,i,i,1,0.806,0.194,r
../data/field_madrid_harvesting/2016_513/P1160302.JPG,madrid,483521,52055,3096,276,Rocio,270,a2,i,i,1,0.81,0.19,r
../data/field_madrid_harvesting/2016_513/P1160319.JPG,madrid,349164,43982,4042,180,Rocio,270,c4,i,i,1,0.812,0.188,r
../data/field_madrid_harvesting/2016_513/P1160551.JPG,madrid,365243,39214,1933,156,Rocio,321,c3,i,i,1,0.814,0.186,r
../data/field_madrid_harvesting/2016_524/P1000590.JPG,madrid,284005,27016,785,191,Rocio,256,c4,r,i,1,0.192,0.808,i
../data/field_madrid_harvesting/2016_524/P1000762.JPG,madrid,1737430,291183,29296,5401,Rocio,267,d2,r,i,1,0.186,0.814,i
../data/field_madrid_harvesting/2016_524/P1000764.JPG,madrid,1558140,246666,22903,4467,Rocio,267,d3,r,i,1,0.172,0.828,i
../data/field_madrid_harvesting/2016_524/P1000813.JPG,madrid,419090,46071,1164,339,Rocio,75,a2,i,i,1,0.802,0.198,r
../data/field_madrid_harvesting/2016_524/P1000838.JPG,madrid,422630,48009,1201,321,Rocio,94,c7,i,i,1,0.804,0.196,r
../data/field_madrid_harvesting/2016_524/P1000964.JPG,madrid,804630,85174,3729,1123,Rocio,242,a2,r,p,5,0.184,0.816,i
../data/field_madrid_harvesting/2016_524/P1010058.JPG,madrid,294063,31309,785,221,Rocio,205,c5,r,p,3,0.174,0.826,i
../data/field_madrid_harvesting/2016_524/P1010113.JPG,madrid,527635,62993,3253,398,Rocio,195,d2,r,p,4,0.182,0.818,i
../data/field_madrid_harvesting/2016_525/P1010382.JPG,madrid,235974,28348,700,198,Rocio,271,a4,r,i,1,0.192,0.808,i
../data/field_madrid_harvesting/2016_525/P1010473.JPG,madrid,482006,59272,2783,378,Rocio,272,c5,r,i,1,0.188,0.812,i
../data/field_madrid_harvesting/2016_525/P1010556.JPG,madrid,393938,44686,797,197,Rocio,273,d7,r,i,1,0.186,0.814,i
../data/field_madrid_harvesting/2016_525/P1010577.JPG,madrid,219427,31598,783,133,Rocio,274,b2,i,i,1,0.808,0.192,r
../data/field_madrid_harvesting/2016_526/P1010975.JPG,madrid,438173,66243,4603,370,Rocio,176,a5,r,p,21,0.196,0.804,i
../data/field_madrid_harvesting/2016_526/P1020060.JPG,madrid,427283,51756,3128,263,Rocio,298,b3,r,i,1,0.194,0.806,i
../data/field_madrid_harvesting/2016_526/P1020084.JPG,madrid,351203,40911,804,192,Rocio,298,c7,r,i,1,0.198,0.802,i
../data/field_madrid_harvesting/2016_526/P1020126.JPG,madrid,91166,12972,301,76,Rocio,299,b1,r,i,1,0.184,0.816,i
../data/field_madrid_harvesting/2016_527/P1020555.JPG,madrid,154422,25069,284,79,Rocio,326,a5,r,i,1,0.184,0.816,i
../data/field_madrid_harvesting/2016_527/P1020561.JPG,madrid,149080,24157,451,73,Rocio,326,b1,r,i,1,0.194,0.806,i
../data/field_madrid_harvesting/2016_527/P1020575.JPG,madrid,246982,33169,422,96,Rocio,326,b8,r,i,1,0.178,0.822,i
../data/field_madrid_harvesting/2016_527/P1020716.JPG,madrid,502308,56357,2085,319,Rocio,276,c1,r,i,1,0.18,0.82,i
../data/field_madrid_harvesting/2016_527/P1020919.JPG,madrid,230353,46389,5087,161,Rocio,297,d7,r,i,1,0.194,0.806,i
../data/field_madrid_harvesting/2016_527/P1020946.JPG,madrid,230587,34257,548,104,Rocio,41,b7,i,p,6,0.802,0.198,r
../data/field_madrid_harvesting/2016_530/P1030113.JPG,madrid,417982,53888,3162,213,Rocio,292,b6,r,i,1,0.198,0.802,i
../data/field_madrid_harvesting/2016_530/P1030470.JPG,madrid,93198,15704,133,73,Rocio,322,b2,r,i,1,0.186,0.814,i
../data/field_madrid_harvesting/2016_530/P1030566.JPG,madrid,564027,81811,5100,546,Rocio,207,d7,r,p,17,0.196,0.804,i
../data/field_madrid_harvesting/2016_530/P1030706.JPG,madrid,288832,48915,2979,274,Rocio,212,c7,r,p,11,0.188,0.812,i
../data/field_madrid_harvesting/2016_530/P1030793.JPG,madrid,404281,62067,3484,359,Rocio,201,c3,r,p,10,0.174,0.826,i
../data/field_madrid_harvesting/2016_531/P1030943.JPG,madrid,421614,54184,1962,291,Rocio,254,b4,i,i,1,0.808,0.192,r
../data/field_madrid_harvesting/2016_531/P1030995.JPG,madrid,251517,33932,1153,214,Rocio,261,c8,r,i,1,0.19,0.81,i
../data/field_madrid_harvesting/2016_531/P1040053.JPG,madrid,262408,32913,298,99,Rocio,343,c1,r,i,1,0.178,0.822,i
../data/field_madrid_harvesting/2016_531/P1040161.JPG,madrid,144282,22162,535,84,Rocio,346,b3,r,i,1,0.192,0.808,i
../data/field_madrid_harvesting/2016_531/P1040204.JPG,madrid,285034,42269,1594,192,Rocio,266,c7,r,i,1,0.188,0.812,i
../data/field_madrid_harvesting/2016_531/P1040365.JPG,madrid,484975,51575,1222,327,Rocio,296,d5,r,i,1,0.178,0.822,i
../data/field_madrid_harvesting/2016_531/P1040405.JPG,madrid,391163,54614,2412,302,Rocio,240,e6,r,p,8,0.198,0.802,i
../data/field_madrid_harvesting/2016_601/P1040637.JPG,madrid,527338,56300,1756,431,Rocio,314,a4,r,i,1,0.168,0.832,i
../data/field_madrid_harvesting/2016_602/P1040913.JPG,madrid,189506,20264,329,105,Rocio,332,c6,r,i,1,0.188,0.812,i
../data/field_madrid_harvesting/2016_602/P1040931.JPG,madrid,399719,41626,851,174,Rocio,332,d8,r,i,1,0.198,0.802,i
../data/field_madrid_harvesting/2016_602/P1040955.JPG,madrid,342968,51511,2447,157,Rocio,333,b7,i,i,1,0.824,0.176,r
../data/field_madrid_harvesting/2016_602/P1040990.JPG,madrid,454181,47731,1079,202,Rocio,333,e6,r,i,1,0.198,0.802,i
../data/field_madrid_harvesting/2016_603/P1050330.JPG,madrid,206420,29280,512,69,Rocio,78,b2,i,i,1,0.814,0.186,r
../data/field_madrid_harvesting/2016_603/P1050341.JPG,madrid,249936,29812,513,127,Rocio,148,c1,r,i,1,0.194,0.806,i
../data/field_tuebingen_harvesting/2016_04_13/P1060585.JPG,tuebingen,82945,18210,823,116,2017-03-13_14:29:25,60,b7,i,p,14,0.82,0.18,r
../data/field_tuebingen_harvesting/2016_04_18/P1060770.JPG,tuebingen,71214,14359,610,109,2017-03-17_12:46:15,97,c7,i,i,NA,0.818,0.182,r
../data/field_tuebingen_harvesting/2016_04_18/P1060780.JPG,tuebingen,398624,69412,4677,519,2017-03-17_12:46:45,300,a6,i,i,NA,0.806,0.194,r
../data/field_tuebingen_harvesting/2016_04_27/P1070196.JPG,tuebingen,181182,29639,1042,164,2017-03-27_16:28:27,32,e5,i,p,21,0.81,0.19,r
../data/field_tuebingen_harvesting/2016_05_12/P1080440.JPG,tuebingen,190776,40646,4180,190,2017-06-24_16:23:56,44,b2,i,p,7,0.81,0.19,r
../data/field_tuebingen_harvesting/2016_05_17/P1080781.JPG,tuebingen,141534,24070,826,101,2017-06-24_18:34:11,4,c3,i,p,5,0.812,0.188,r
../data/field_tuebingen_harvesting/2016_05_17/P1080791.JPG,tuebingen,108266,19541,577,86,2017-06-24_18:35:29,1,c1,r,p,3,0.196,0.804,i
../data/field_tuebingen_harvesting/2016_05_23/P1100160.JPG,tuebingen,100517,20827,736,51,2017-06-24_20:09:52,68,c6,r,p,3,0.196,0.804,i
../data/field_tuebingen_harvesting/2016_05_23/P1100168.JPG,tuebingen,148397,29738,2024,100,2017-06-24_20:10:23,68,e4,r,p,15,0.196,0.804,i
../data/field_tuebingen_harvesting/2016_05_24/P1100501.JPG,tuebingen,128951,22773,884,107,2017-07-03_18:32:32,17,a3,i,p,5,0.81,0.19,r
../data/field_tuebingen_harvesting/2016_05_24/P1100511.JPG,tuebingen,313162,52914,6262,153,2017-07-03_18:33:02,8,b1,i,p,20,0.816,0.184,r
../data/field_tuebingen_harvesting/2016_05_24/P1100519.JPG,tuebingen,97140,20945,825,73,2017-07-03_18:33:32,8,b7,i,p,4,0.81,0.19,r
../data/field_tuebingen_harvesting/2016_05_24/P1100573.JPG,tuebingen,138440,27848,1684,105,2017-07-03_18:36:26,59,a7,r,p,4,0.186,0.814,i
../data/field_tuebingen_harvesting/2016_05_24/P1100636.JPG,tuebingen,111576,19066,411,66,2017-07-03_18:41:13,18,b5,i,p,1,0.808,0.192,r
../data/field_tuebingen_harvesting/2016_05_24/P1100721.JPG,tuebingen,214047,43681,5526,163,2017-07-03_18:45:30,180,b3,r,p,13,0.192,0.808,i
../data/field_tuebingen_harvesting/2016_05_24/P1100856.JPG,tuebingen,199054,38523,3523,144,2017-07-04_09:26:31,181,c4,r,p,13,0.196,0.804,i
../data/field_tuebingen_harvesting/2016_05_24/P1100932.JPG,tuebingen,121942,25631,1251,87,2017-07-04_09:31:15,47,c1,i,p,4,0.804,0.196,r
../data/field_tuebingen_harvesting/2016_05_25/P1110120.JPG,tuebingen,177518,31615,988,122,2017-07-04_09:40:24,11,d7,i,p,5,0.804,0.196,r
../data/field_tuebingen_harvesting/2016_05_25/P1110143.JPG,tuebingen,47673,10545,91,18,2017-07-04_09:41:35,5,b3,r,p,1,0.198,0.802,i
../data/field_tuebingen_harvesting/2016_05_25/P1110200.JPG,tuebingen,201641,31144,556,37,2017-07-04_09:44:32,5,c6,r,p,6,0.194,0.806,i
../data/field_tuebingen_harvesting/2016_05_27/P1110616.JPG,tuebingen,665288,73131,2596,580,2017-07-04_10:26:49,208,d5,r,p,17,0.178,0.822,i
../data/field_tuebingen_harvesting/2016_05_27/P1110646.JPG,tuebingen,179308,26960,402,91,2017-07-04_10:28:38,200,c6,r,p,1,0.178,0.822,i
../data/field_tuebingen_harvesting/2016_05_30/P1120225.JPG,tuebingen,158761,27042,1048,154,2017-07-04_12:14:07,43,a4,i,p,15,0.808,0.192,r
../data/field_tuebingen_harvesting/2016_05_30/P1120235.JPG,tuebingen,148086,26202,928,139,2017-07-04_12:14:30,52,b5,i,p,4,0.818,0.182,r
../data/field_tuebingen_harvesting/2016_05_30/P1120259.JPG,tuebingen,76194,14372,403,45,2017-07-04_12:15:25,52,c1,i,p,3,0.806,0.194,r
../data/field_tuebingen_harvesting/2016_05_31/P1120456.JPG,tuebingen,215194,38327,1744,85,2017-07-04_12:25:45,203,e2,i,p,10,0.816,0.184,r
../data/field_tuebingen_harvesting/2016_05_31/P1120467.JPG,tuebingen,253374,49101,4654,220,2017-07-04_12:26:13,203,c2,r,p,11,0.194,0.806,i
../data/field_tuebingen_harvesting/2016_05_31/P1120475.JPG,tuebingen,255190,54985,7449,233,2017-07-04_12:26:30,203,a6,r,p,15,0.196,0.804,i
../data/field_tuebingen_harvesting/2016_05_31/P1120503.JPG,tuebingen,305241,54897,5787,259,2017-07-04_12:28:18,225,e6,r,p,29,0.184,0.816,i
../data/field_tuebingen_harvesting/2016_05_31/P1120511.JPG,tuebingen,247293,46721,4090,191,2017-07-04_12:28:34,225,d5,r,p,22,0.196,0.804,i
../data/field_tuebingen_harvesting/2016_05_31/P1120618.JPG,tuebingen,321595,43493,1227,180,2017-07-04_12:33:15,54,e6,r,p,11,0.17,0.83,i
../data/field_tuebingen_harvesting/2016_05_31/P1120620.JPG,tuebingen,157934,24084,313,43,2017-07-04_12:33:21,53,e3,r,p,1,0.198,0.802,i
../data/field_tuebingen_harvesting/2016_05_31/P1120625.JPG,tuebingen,146800,28147,853,69,2017-07-04_12:39:09,53,e2,i,p,1,0.802,0.198,r
../data/field_tuebingen_harvesting/2016_05_31/P1120627.JPG,tuebingen,134605,26360,842,57,2017-07-04_12:39:18,53,c8,i,p,6,0.806,0.194,r
../data/field_tuebingen_harvesting/2016_05_31/P1120644.JPG,tuebingen,347048,58366,4432,319,2017-07-04_12:40:05,223,d6,r,p,25,0.188,0.812,i
../data/field_tuebingen_harvesting/2016_05_31/P1120664.JPG,tuebingen,278259,46184,2624,180,2017-07-04_12:41:22,223,c7,r,p,18,0.18,0.82,i
../data/field_tuebingen_harvesting/2016_06_01/P1120878.JPG,tuebingen,273225,54935,4193,310,2017-07-04_12:51:04,221,c4,r,p,28,0.168,0.832,i
../data/field_tuebingen_harvesting/2016_06_01/P1120902.JPG,tuebingen,259628,46590,3270,303,2017-07-04_12:52:10,221,e2,r,p,13,0.178,0.822,i
../data/field_tuebingen_harvesting/2016_06_01/P1120930.JPG,tuebingen,253472,42430,2098,217,2017-07-04_12:53:19,37,b6,r,p,18,0.188,0.812,i
../data/field_tuebingen_harvesting/2016_06_01/P1120988.JPG,tuebingen,257775,36717,447,58,2017-07-04_12:55:57,37,e5,i,p,2,0.832,0.168,r
../data/field_tuebingen_harvesting/2016_06_02/P1130068.JPG,tuebingen,207028,44085,4673,246,2017-07-04_13:02:08,226,e4,r,p,15,0.196,0.804,i
../data/field_tuebingen_harvesting/2016_07_08/P1160073.JPG,tuebingen,168425,30348,797,101,2017-07-10_12:40:52,159,c1,i,i,NA,0.828,0.172,r
../data/field_tuebingen_harvesting/2016_07_08/P1160075.JPG,tuebingen,146121,26188,488,73,2017-07-10_12:40:58,159,d1,i,i,NA,0.826,0.174,r
../data/field_tuebingen_harvesting/2016_07_08/P1160092.JPG,tuebingen,90871,16592,547,64,2017-07-10_12:41:53,159,d4,r,i,NA,0.198,0.802,i
../data/field_tuebingen_harvesting/2016_07_08/P1160107.JPG,tuebingen,127152,22778,566,78,2017-07-10_12:42:25,159,c6,i,i,NA,0.806,0.194,r
../data/field_tuebingen_harvesting/2016_07_08/P1160109.JPG,tuebingen,118854,22062,595,68,2017-07-10_12:42:30,159,d6,i,i,NA,0.846,0.154,r
../data/field_tuebingen_harvesting/2016_07_08/P1160138.JPG,tuebingen,125612,20492,290,72,2017-07-10_12:43:47,171,e4,r,i,NA,0.19,0.81,i
../data/field_tuebingen_harvesting/2016_07_08/P1160143.JPG,tuebingen,98504,20026,440,39,2017-07-10_12:43:58,171,e5,i,i,NA,0.826,0.174,r
../data/field_tuebingen_harvesting/2016_07_08/P1160159.JPG,tuebingen,84910,18730,520,56,2017-07-10_12:44:39,167,d6,i,i,NA,0.808,0.192,r
../data/field_tuebingen_harvesting/2016_07_08/P1160174.JPG,tuebingen,119675,20232,414,75,2017-07-10_12:45:10,167,c4,r,i,NA,0.196,0.804,i
../data/field_tuebingen_harvesting/2016_07_08/P1160250.JPG,tuebingen,194470,40085,3722,82,2017-07-10_12:48:20,137,d8,i,i,NA,0.804,0.196,r
../data/field_tuebingen_harvesting/2016_07_08/P1160277.JPG,tuebingen,102257,19380,596,63,2017-07-10_12:49:21,137,a2,r,i,NA,0.19,0.81,i
../data/field_tuebingen_harvesting/2016_07_09/P1160313.JPG,tuebingen,85482,14953,388,73,2017-07-10_12:50:44,160,e6,r,i,NA,0.194,0.806,i
../data/field_tuebingen_harvesting/2016_07_09/P1160321.JPG,tuebingen,57002,9332,201,64,2017-07-10_12:51:54,160,c8,r,i,NA,0.19,0.81,i
../data/field_tuebingen_harvesting/2016_07_09/P1160323.JPG,tuebingen,69412,12149,218,68,2017-07-10_12:51:59,160,d5,r,i,NA,0.168,0.832,i
../data/field_tuebingen_harvesting/2016_07_09/P1160341.JPG,tuebingen,46498,10439,227,49,2017-07-10_12:52:37,166,d4,r,i,NA,0.198,0.802,i
../data/field_tuebingen_harvesting/2016_07_09/P1160352.JPG,tuebingen,172036,31576,1731,261,2017-07-10_13:02:30,166,c3,i,i,NA,0.806,0.194,r
../data/field_tuebingen_harvesting/2016_07_12/P1160532.JPG,tuebingen,251681,36310,619,66,2017-07-10_13:04:20,328,e5,r,i,NA,0.19,0.81,i
../data/field_tuebingen_harvesting/2016_07_12/P1160646.JPG,tuebingen,132431,26028,298,56,2017-07-10_13:08:44,144,b7,i,i,NA,0.81,0.19,r
../data/field_tuebingen_harvesting/2016_07_12/P1160656.JPG,tuebingen,127083,27731,2505,111,2017-07-10_13:09:08,145,b4,i,i,NA,0.826,0.174,r
../data/field_tuebingen_harvesting/2016_07_12/P1160667.JPG,tuebingen,112168,21443,853,66,2017-07-10_13:09:32,145,d7,r,i,NA,0.192,0.808,i
../data/field_tuebingen_harvesting/2016_07_13/P1160687.JPG,tuebingen,281443,40155,894,80,2017-07-10_13:10:30,131,a4,r,i,NA,0.198,0.802,i
../data/field_tuebingen_harvesting/2016_07_13/P1160705.JPG,tuebingen,125446,22145,616,73,2017-07-10_13:11:17,146,d3,r,i,NA,0.186,0.814,i
../data/field_tuebingen_harvesting/2016_07_13/P1160776.JPG,tuebingen,99440,18230,383,25,2017-07-10_13:14:50,136,e6,i,i,NA,0.83,0.17,r
../data/field_tuebingen_harvesting/2016_07_14/P1160943.JPG,tuebingen,122332,22005,618,42,2017-07-10_13:23:43,133,c8,r,i,NA,0.192,0.808,i
../data/field_tuebingen_harvesting/2016_07_14/P1170057.JPG,tuebingen,204086,30412,515,82,2017-07-11_12:02:10,126,d6,r,i,NA,0.168,0.832,i
../data/field_tuebingen_harvesting/2016_07_14/P1170064.JPG,tuebingen,155946,28758,242,62,2017-07-11_12:03:26,126,d7,i,i,NA,0.822,0.178,r
../data/field_tuebingen_harvesting/2016_07_14/P1170070.JPG,tuebingen,148534,23037,617,106,2017-07-11_12:03:38,126,d8,r,i,NA,0.186,0.814,i
../data/field_tuebingen_harvesting/2016_07_14/P1170074.JPG,tuebingen,147542,23638,658,93,2017-07-11_12:03:51,149,b2,r,i,NA,0.192,0.808,i
../data/field_tuebingen_harvesting/2016_07_20/P1170174.JPG,tuebingen,157183,24401,606,79,2017-07-11_12:27:18,139,d4,r,i,NA,0.198,0.802,i
../data/field_tuebingen_harvesting/2016_07_20/P1170206.JPG,tuebingen,112264,19628,446,41,2017-07-11_12:31:01,138,b6,r,i,NA,0.198,0.802,i
../data/field_tuebingen_harvesting/2016_07_21/P1170377.JPG,tuebingen,127083,19435,480,65,2017-07-11_12:39:07,118,b3,r,i,NA,0.19,0.81,i
../data/field_tuebingen_harvesting/2016_07_21/P1170400.JPG,tuebingen,393263,76460,4837,575,2017-07-11_12:40:00,118,e5,i,i,NA,0.806,0.194,r
../data/field_tuebingen_harvesting/2016_07_21/P1170432.JPG,tuebingen,216998,41022,3003,149,2017-07-11_12:41:25,125,a3,i,i,NA,0.804,0.196,r
../data/field_tuebingen_harvesting/2016_07_21/P1170458.JPG,tuebingen,142249,24109,796,106,2017-07-11_12:42:42,125,c6,i,i,NA,0.816,0.184,r
../data/field_tuebingen_harvesting/2016_07_22/P1170560.JPG,tuebingen,138485,22726,918,153,2017-07-11_12:48:13,120,d8,i,i,NA,0.808,0.192,r
../data/field_tuebingen_harvesting/2016_07_22/P1170611.JPG,tuebingen,148097,28760,1385,152,2017-07-11_12:55:56,105,c8,i,i,NA,0.802,0.198,r
../data/field_tuebingen_harvesting/2016_07_22/P1170641.JPG,tuebingen,117699,24583,1072,93,2017-07-12_15:45:39,105,b6,i,i,NA,0.808,0.192,r
../data/field_tuebingen_harvesting/2016_07_25/P1170779.JPG,tuebingen,343727,61988,4118,439,2017-07-12_16:44:37,339,d8,i,i,NA,0.812,0.188,r
../data/field_tuebingen_harvesting/2016_07_25/P1170798.JPG,tuebingen,152648,25242,810,80,2017-07-13_15:56:50,247,b3,r,i,NA,0.174,0.826,i
../data/field_tuebingen_harvesting/2016_07_29/P1170850.JPG,tuebingen,267109,53612,5074,261,2017-07-13_17:51:35,119,e5,i,i,NA,0.804,0.196,r
../data/field_tuebingen_harvesting/2016_07_29/P1170863.JPG,tuebingen,96221,17885,363,59,2017-07-13_17:52:12,119,e6,r,i,NA,0.194,0.806,i
../data/field_tuebingen_harvesting/2016_08_01/P1170965.JPG,tuebingen,44559,8145,288,65,2017-07-14_13:12:33,106,d6,r,i,NA,0.198,0.802,i
../data/field_tuebingen_harvesting/2016_08_01/P1170969.JPG,tuebingen,31780,6970,275,48,2017-07-14_13:12:41,106,d1,r,i,NA,0.194,0.806,i
../data/field_tuebingen_harvesting/2016_08_01/P1170977.JPG,tuebingen,198625,40601,4280,145,2017-07-14_13:12:53,106,c8,i,i,NA,0.802,0.198,r
../data/field_tuebingen_harvesting/2016_08_02/P1180029.JPG,tuebingen,66639,15638,281,32,2017-07-14_13:29:46,107,b3,i,i,NA,0.81,0.19,r
../data/field_tuebingen_harvesting/2016_08_02/P1180049.JPG,tuebingen,181945,38765,3776,193,2017-07-14_13:30:33,107,b7,i,i,NA,0.828,0.172,r
../data/field_tuebingen_harvesting/2016_08_02/P1180145.JPG,tuebingen,177779,39117,3494,224,2017-07-14_13:37:40,121,d4,i,i,NA,0.812,0.188,r
../data/field_tuebingen_harvesting/2016_08_03/P1180245.JPG,tuebingen,186178,37245,3896,95,2017-07-14_13:47:33,346,b8,i,i,NA,0.814,0.186,r
../data/field_tuebingen_harvesting/2016_08_04/P1180403.JPG,tuebingen,157184,33082,3758,126,2017-07-14_14:06:28,111,e7,i,i,NA,0.818,0.182,r
../data/field_tuebingen_harvesting/2016_08_04/P1180419.JPG,tuebingen,132266,32154,4942,112,2017-07-14_14:07:08,111,c7,i,i,NA,0.806,0.194,r
../data/field_tuebingen_harvesting/2016_08_04/P1180462.JPG,tuebingen,164702,35886,6735,75,2017-07-14_14:08:39,345,c3,r,i,NA,0.154,0.846,i
../data/field_tuebingen_harvesting/2016_08_05/P1180574.JPG,tuebingen,155619,33118,2492,175,2017-07-14_14:29:46,109,e4,i,i,NA,0.804,0.196,r
../data/field_tuebingen_harvesting/2016_08_06/P1180839.JPG,tuebingen,58934,12837,434,57,2017-07-14_14:46:41,101,e3,r,i,NA,0.186,0.814,i
../data/field_tuebingen_harvesting/2016_08_06/P1180854.JPG,tuebingen,309096,63385,5709,430,2017-07-14_14:47:19,101,d2,i,i,NA,0.802,0.198,r
../data/field_tuebingen_harvesting/2016_08_15/P1180907.JPG,tuebingen,37574,7494,200,46,2017-07-14_14:49:10,112,e2,r,i,NA,0.178,0.822,i
../data/field_tuebingen_harvesting/2016_08_15/P1180982.JPG,tuebingen,175623,33028,1243,119,2017-07-14_14:59:56,99,c1,i,i,NA,0.812,0.188,r
../data/field_tuebingen_harvesting/2016_08_15/P1190009.JPG,tuebingen,95855,24384,2022,76,2017-07-14_15:01:01,99,a6,i,i,NA,0.808,0.192,r
../data/field_tuebingen_harvesting/2016_08_31/P1190758.JPG,tuebingen,288910,49850,3713,234,2017-07-14_17:09:53,250,c4,r,i,NA,0.188,0.812,i
../data/field_tuebingen_harvesting/2016_09_01/P1200078.JPG,tuebingen,102338,17468,734,89,2017-07-14_17:30:16,75,e5,r,i,NA,0.168,0.832,i
../data/field_tuebingen_harvesting/2016_09_09/P1200137.JPG,tuebingen,267760,49583,3795,251,2017-07-14_17:33:14,256,b5,i,i,NA,0.814,0.186,r
../data/field_tuebingen_harvesting/2016_09_09/P1200192.JPG,tuebingen,307819,47098,1645,141,2017-07-14_17:35:50,74,a5,r,i,NA,0.186,0.814,i
../data/field_tuebingen_harvesting/2016_09_09/P1200202.JPG,tuebingen,221878,39091,1434,149,2017-07-14_17:36:41,74,c6,r,i,NA,0.19,0.81,i
../data/field_tuebingen_harvesting/2016_09_09/P1200206.JPG,tuebingen,231947,36982,1176,149,2017-07-14_17:36:53,74,e6,r,i,NA,0.182,0.818,i
../data/field_tuebingen_harvesting/2016_09_09/P1200283.JPG,tuebingen,216624,37590,1592,177,2017-07-14_17:44:51,73,b2,r,i,NA,0.198,0.802,i
../data/field_tuebingen_harvesting/2016_09_09/P1200296.JPG,tuebingen,173745,30799,987,57,2017-07-14_17:46:01,73,c3,i,i,NA,0.802,0.198,r
../data/field_tuebingen_harvesting/2016_09_09/P1200309.JPG,tuebingen,124405,23253,438,48,2017-07-14_17:46:31,73,e4,r,i,NA,0.17,0.83,i
../data/field_tuebingen_harvesting/2016_09_13/P1200481.JPG,tuebingen,240085,52666,5254,301,2017-07-17_10:22:38,80,b8,i,i,NA,0.808,0.192,r
../data/field_tuebingen_harvesting/2016_09_15/P1200868.JPG,tuebingen,123094,22552,511,62,2017-07-17_11:04:37,267,b3,i,i,NA,0.808,0.192,r
../data/field_tuebingen_harvesting/2016_09_15/P1200879.JPG,tuebingen,135174,21790,771,119,2017-07-17_11:05:33,267,e5,r,i,NA,0.196,0.804,i
../data/field_tuebingen_harvesting/2016_09_15/P1200969.JPG,tuebingen,544935,87054,5545,631,2017-07-17_11:09:46,265,c3,i,i,NA,0.816,0.184,r
../data/field_tuebingen_harvesting/2016_09_21/P1200503.JPG,tuebingen,48245,11618,287,63,2017-07-17_11:28:40,79,b6,i,i,NA,0.822,0.178,r
../data/field_tuebingen_harvesting/2016_09_21/P1210255.JPG,tuebingen,58888,10764,190,109,2017-07-17_11:29:04,83,d3,i,i,NA,0.824,0.176,r
../data/field_tuebingen_harvesting/2016_09_21/P1210282.JPG,tuebingen,83031,15900,514,74,2017-07-17_11:29:47,83,b6,r,i,NA,0.168,0.832,i
../data/field_tuebingen_harvesting/2016_09_21/P1210333.JPG,tuebingen,171108,35548,4498,85,2017-07-17_11:31:20,82,d8,i,i,NA,0.822,0.178,r
../data/field_tuebingen_harvesting/2016_09_21/P1210545.JPG,tuebingen,270582,38856,1263,236,2017-07-17_12:14:52,274,d7,i,i,NA,0.824,0.176,r
../data/field_tuebingen_harvesting/2016_09_21/P1210573.JPG,tuebingen,316406,56933,3629,350,2017-07-17_12:16:21,261,b3,i,i,NA,0.806,0.194,r
../data/field_tuebingen_harvesting/2016_09_22/P1210766.JPG,tuebingen,121085,22863,541,74,2017-07-17_12:22:51,92,b6,r,i,NA,0.186,0.814,i
../data/field_tuebingen_harvesting/2016_09_22/P1210788.JPG,tuebingen,212592,41111,2841,141,2017-07-17_12:23:37,94,c4,r,i,NA,0.186,0.814,i
../data/field_tuebingen_harvesting/2016_09_22/P1210899.JPG,tuebingen,195342,37618,1986,123,2017-07-17_12:27:37,279,d7,r,i,NA,0.184,0.816,i
../data/field_tuebingen_harvesting/2016_09_22/P1210921.JPG,tuebingen,201545,35645,1569,79,2017-07-17_12:28:34,280,b3,r,i,NA,0.178,0.822,i
../data/field_tuebingen_harvesting/2016_09_22/P1210979.JPG,tuebingen,235444,42194,2267,237,2017-07-17_12:33:34,90,b2,r,i,NA,0.176,0.824,i
../data/field_tuebingen_harvesting/2016_09_28/P1220114.JPG,tuebingen,125731,24002,724,72,2017-07-17_12:38:35,292,b6,r,i,NA,0.168,0.832,i
../data/field_tuebingen_harvesting/2016_09_28/P1220173.JPG,tuebingen,121073,22005,377,40,2017-07-17_12:41:22,85,a3,r,i,NA,0.19,0.81,i
../data/field_tuebingen_harvesting/2016_09_28/P1220196.JPG,tuebingen,161461,39930,5753,132,2017-07-17_12:42:35,85,a7,i,i,NA,0.82,0.18,r
../data/field_tuebingen_harvesting/2016_09_28/P1220244.JPG,tuebingen,312809,56623,5954,280,2017-07-17_12:43:59,102,a5,i,i,NA,0.802,0.198,r
../data/field_tuebingen_harvesting/2016_09_28/P1220247.JPG,tuebingen,168421,27546,1057,123,2017-07-17_12:44:04,102,a6,r,i,NA,0.194,0.806,i
../data/field_tuebingen_harvesting/2016_09_28/P1220252.JPG,tuebingen,151185,29588,1018,48,2017-07-17_12:44:11,102,b7,i,i,NA,0.814,0.186,r
../data/field_tuebingen_harvesting/2016_09_28/P1220279.JPG,tuebingen,177450,28410,480,60,2017-07-17_12:46:55,103,a6,r,i,NA,0.178,0.822,i
../data/field_tuebingen_harvesting/2016_09_29/P1220706.JPG,tuebingen,143932,23482,486,53,2017-07-17_13:25:13,113,c1,r,i,NA,0.176,0.824,i
../data/field_tuebingen_harvesting/2016_11_09/P1220865.JPG,tuebingen,375759,58165,3366,272,2017-07-17_13:33:37,323,a4,i,i,NA,0.816,0.184,r
../data/field_tuebingen_harvesting/2016_11_15/P1230143.JPG,tuebingen,214184,43221,4808,140,2017-07-17_13:47:04,313,c4,r,i,NA,0.182,0.818,i
../data/field_tuebingen_harvesting/2016_11_15/P1230146.JPG,tuebingen,271391,41985,1747,177,2017-07-17_13:47:08,313,d4,i,i,NA,0.816,0.184,r
../data/field_tuebingen_harvesting/2016_11_16/P1230345.JPG,tuebingen,290523,45030,2055,249,2017-07-17_13:54:50,325,a7,i,i,NA,0.804,0.196,r
../data/field_tuebingen_harvesting/2016_11_22/P1240002.JPG,tuebingen,114971,24372,2669,62,2017-07-17_14:27:42,299,e5,r,i,NA,0.194,0.806,i
../data/field_tuebingen_harvesting/2016_11_24/P1240271.JPG,tuebingen,87029,21480,2535,74,2017-07-17_14:43:34,276,a2,r,i,NA,0.188,0.812,i
../data/field_tuebingen_harvesting/2016_11_25/P1240623.JPG,tuebingen,113204,27811,2770,67,2017-07-17_15:00:43,288,d5,r,i,NA,0.182,0.818,i
